INSERT INTO [dbo].[hanghoa] ([mahang], [tenhang], [dvt], [dongia]) VALUES (N'a', N'Áo sơ mi nam', N'cái', 560)
INSERT INTO [dbo].[hanghoa] ([mahang], [tenhang], [dvt], [dongia]) VALUES (N'b', N'Bánh trung thu Kinh Đô', N'hộp', 195000)
INSERT INTO [dbo].[hanghoa] ([mahang], [tenhang], [dvt], [dongia]) VALUES (N'c', N'Gạo thơm', N'kg', 54000)
INSERT INTO [dbo].[hanghoa] ([mahang], [tenhang], [dvt], [dongia]) VALUES (N'mh001', N'Nước mắm Hưng Thịnh', N'Chai', 42000)
INSERT INTO [dbo].[hanghoa] ([mahang], [tenhang], [dvt], [dongia]) VALUES (N'mh002', N'Dầu ăn Tường An', N'Chai', 38500)
INSERT INTO [dbo].[hanghoa] ([mahang], [tenhang], [dvt], [dongia]) VALUES (N'mh003', N'Mì Tiếng vua', N'Gói', 2300)
INSERT INTO [dbo].[hanghoa] ([mahang], [tenhang], [dvt], [dongia]) VALUES (N'x', N'Bánh bèo', N'cái', 3000)

INSERT INTO [dbo].[hoadon] ([sohd], [ngaylaphd], [tenkh]) VALUES (N'a', N'2023-06-30 00:00:00', N'aaa')
INSERT INTO [dbo].[hoadon] ([sohd], [ngaylaphd], [tenkh]) VALUES (N'b', N'2023-06-30 00:00:00', N'bbbb')
INSERT INTO [dbo].[hoadon] ([sohd], [ngaylaphd], [tenkh]) VALUES (N'hd001', N'2018-07-17 00:00:00', N'Tran Hung')
INSERT INTO [dbo].[hoadon] ([sohd], [ngaylaphd], [tenkh]) VALUES (N'hd002', N'2018-07-17 00:00:00', N'Le Hoang')
INSERT INTO [dbo].[hoadon] ([sohd], [ngaylaphd], [tenkh]) VALUES (N'hd003', N'2018-08-14 00:00:00', N'Khang Hy')
INSERT INTO [dbo].[hoadon] ([sohd], [ngaylaphd], [tenkh]) VALUES (N'hd004', N'2018-11-01 00:00:00', N'Tran Lam')
INSERT INTO [dbo].[hoadon] ([sohd], [ngaylaphd], [tenkh]) VALUES (N'hd005', N'2018-12-06 00:00:00', N'Le Lai')


INSERT INTO [dbo].[chitiethoadon] ([sohd], [mahang], [dongia], [soluong]) VALUES (N'a', N'mh001', 42000, 1)
INSERT INTO [dbo].[chitiethoadon] ([sohd], [mahang], [dongia], [soluong]) VALUES (N'a', N'mh002', 38500, 2)
INSERT INTO [dbo].[chitiethoadon] ([sohd], [mahang], [dongia], [soluong]) VALUES (N'a', N'mh003', 2300, 5)
INSERT INTO [dbo].[chitiethoadon] ([sohd], [mahang], [dongia], [soluong]) VALUES (N'b', N'mh002', 38500, 1)
INSERT INTO [dbo].[chitiethoadon] ([sohd], [mahang], [dongia], [soluong]) VALUES (N'b', N'mh003', 2300, 2)
INSERT INTO [dbo].[chitiethoadon] ([sohd], [mahang], [dongia], [soluong]) VALUES (N'hd001', N'mh001', 42000, 2)
INSERT INTO [dbo].[chitiethoadon] ([sohd], [mahang], [dongia], [soluong]) VALUES (N'hd001', N'mh002', 38500, 1)
INSERT INTO [dbo].[chitiethoadon] ([sohd], [mahang], [dongia], [soluong]) VALUES (N'hd002', N'mh002', 38500, 1)
INSERT INTO [dbo].[chitiethoadon] ([sohd], [mahang], [dongia], [soluong]) VALUES (N'hd002', N'mh003', 2300, 5)
INSERT INTO [dbo].[chitiethoadon] ([sohd], [mahang], [dongia], [soluong]) VALUES (N'hd003', N'mh001', 42000, 1)
INSERT INTO [dbo].[chitiethoadon] ([sohd], [mahang], [dongia], [soluong]) VALUES (N'hd003', N'mh002', 38500, 1)
INSERT INTO [dbo].[chitiethoadon] ([sohd], [mahang], [dongia], [soluong]) VALUES (N'hd003', N'mh003', 2300, 10)
INSERT INTO [dbo].[chitiethoadon] ([sohd], [mahang], [dongia], [soluong]) VALUES (N'hd004', N'mh001', 42000, 1)
INSERT INTO [dbo].[chitiethoadon] ([sohd], [mahang], [dongia], [soluong]) VALUES (N'hd004', N'mh002', 38500, 1)
INSERT INTO [dbo].[chitiethoadon] ([sohd], [mahang], [dongia], [soluong]) VALUES (N'hd004', N'mh003', 2300, 10)
INSERT INTO [dbo].[chitiethoadon] ([sohd], [mahang], [dongia], [soluong]) VALUES (N'hd005', N'mh001', 42000, 2)
INSERT INTO [dbo].[chitiethoadon] ([sohd], [mahang], [dongia], [soluong]) VALUES (N'hd005', N'mh003', 2300, 10)

